{
    "config": {
        "name": "TransformerModel",
        "dropout": 0.1284130532073927,
        "learning_rate": 0.007286961220815371,
        "weight_decay": 0.008981391573530513,
        "warmup_length": 0.38870864242651176,
        "batch_size": 32,
        "sequence_length": 128,
        "epochs": 15
    },
    "loss": 0.496726245968795,
    "wrist_error": 0.1415436863899231,
    "best_epoch": 5
}