{
    "config": {
        "name": "DLinear",
        "Dlinear_kernel_size": 35,
        "learning_rate": 0.0006838478430964042,
        "weight_decay": 1.0500232504231365e-06,
        "batch_size": 16,
        "sequence_length": 32,
        "epochs": 30
    },
    "loss": 0.6456748064554912,
    "wrist_error": 0.1917429119348526
}