{
    "config": {
        "model": "FullyConnectedNetwork",
        "hidden_size": 256,
        "num_layers": 2,
        "learning_rate": 0.004835952776465952,
        "weight_decay": 6.218704727769092e-05,
        "batch_size": 128,
        "dropout": 0.1632703844029177,
        "sequence_length": 64,
        "epochs": 15
    },
    "loss": 0.4707797020673752,
    "wrist_error": 0.138349249958992
}