{
    "config": {
        "name": "CNN1D",
        "num_filters": [
            32,
            64,
            128
        ],
        "kernel_sizes": 7,
        "use_batchnorm": true,
        "learning_rate": 0.0009393743056153994,
        "weight_decay": 5.0690410707114576e-05,
        "batch_size": 128,
        "dropout": 0.25440703841938,
        "sequence_length": 64,
        "epochs": 20
    },
    "loss": 0.47016457468271255,
    "wrist_error": 0.1570328325033188
}