{
    "config": {
        "name": "TransformerModel",
        "dropout": 0.09680591648327509,
        "head_dropout_transformer": 0.013020234989451828,
        "fc_dropout_transformer": 0.2773929990670788,
        "learning_rate": 9.199245581258728e-05,
        "weight_decay": 2.6046026630934875e-05,
        "warmup_length": 0.29339389308732666,
        "batch_size": 32,
        "sequence_length": 128,
        "epochs": 20
    },
    "loss": 0.6394692880908648,
    "wrist_error": 0.12003937363624573,
    "best_epoch": 17
}