{
    "config": {
        "name": "TransformerModel",
        "dropout": 0.116097399624648,
        "learning_rate": 0.0033214570117767505,
        "weight_decay": 0.00749026491066844,
        "warmup_length": 0.3649632899047215,
        "batch_size": 32,
        "sequence_length": 128,
        "epochs": 15
    },
    "loss": 0.42024283611084806,
    "wrist_error": 0.11887018382549286,
    "best_epoch": 9
}