{
    "config": {
        "name": "TransformerModel",
        "dropout": 0.131,
        "learning_rate": 0.008,
        "weight_decay": 0.0029000000000000002,
        "warmup_length": 0.36,
        "batch_size": 32,
        "sequence_length": 128,
        "epochs": 2
    },
    "loss": 0.4901527744186811,
    "wrist_error": 0.1419558972120285,
    "wrist_std_error": 