{
    "config": {
        "name": "TransformerModel",
        "dropout": 0.131,
        "learning_rate": 0.008,
        "weight_decay": 0.0029000000000000002,
        "warmup_length": 0.36,
        "batch_size": 32,
        "sequence_length": 128,
        "epochs": 2
    },
    "loss": 0.5063157671985548,
    "wrist_error": 0.1460389643907547,
    "wrist_std_error": 0.0700998455286026,
    "elbow_error": 0.07086101919412613,
    "elbow_std_error": 0.037471409887075424,
    "best_epoch": 1
}